,0,1,2,3
0,11.186933225866685,0.07932244485275165,-0.08295058068776964,0.0
1,11.232147364226044,0.07621749045152895,-0.07967161544916058,0.0
2,11.276997443650032,0.07317066684564524,-0.07645542465404051,0.0
3,11.321471333113006,0.0701815330561682,-0.07330139839873344,0.0
4,11.365557706366024,0.06724963998580441,-0.07020892843358355,0.0
5,11.409246051402938,0.06437453064322435,-0.06717740782363886,0.0
6,11.452526677278797,0.06155574038529045,-0.06420623067158518,0.0
7,11.495390718373999,0.058792797175370455,-0.0612947918976631,0.0
8,11.53783013619806,0.05608522185600393,-0.05844248707149352,0.0
9,11.579837718827534,0.053432528434267566,-0.05564871229093595,0.0
10,11.621407078073036,0.05083422437826199,-0.05291286410330734,0.0
11,11.662532644471005,0.04828981092321405,-0.05023433946449989,0.0
12,11.703209660196334,0.04579878338575675,-0.04761253573174625,0.0
13,11.743434169992536,0.04336063148501554,-0.045046850685995274,0.0
14,11.783203010216678,0.040974839669190716,-0.042536682580076,0.0
15,11.822513796096707,0.03864088744638675,-0.04008143020904127,0.0
16,11.861364907299183,0.0363582497184971,-0.037680492999296926,0.0
17,11.899755471905717,0.03412639711700887,-0.03533327111333373,0.0
18,11.937685348896562,0.0319447963396459,-0.03303916556708925,0.0
19,11.975155109239843,0.02981291048682193,-0.030797578357173335,0.0
20,12.012166015684793,0.02773019939692653,-0.02860791259539457,0.0
21,12.048720001357076,0.025696119979517356,-0.02646957264822405,0.0
22,12.0848196472539,0.02371012654554097,-0.024381964279027144,0.0
23,12.120468158735846,0.02177167113375454,-0.022344494791086012,0.0
24,12.155669341111768,0.01988020383256622,-0.020356573169618013,0.0
25,12.190427574411842,0.018035173096562454,-0.01841761022117703,0.0
26,12.224747787442908,0.01623602605703364,-0.01652701870899675,0.0
27,12.258635431218716,0.014482208825859641,-0.014684213483003857,0.0
28,12.292096451856079,0.012773166792159413,-0.012888611603390408,0.0
29,12.32513726302637,0.011108344911156438,-0.011139632456789176,0.0
30,12.357764718049634,0.009487187984756288,-0.00943669786424501,0.0
31,12.389986081716586,0.007909140933376996,-0.007779232180316755,0.0
32,12.421809001921488,0.006373649058618715,-0.006166662382779243,0.0
33,12.453241481186407,0.004880158296401541,-0.004598418152522206,0.0
34,12.484291848154784,0.0034281154602455004,-0.0030739319433652095,0.0
35,12.514968729129546,0.0020169684744094796,-0.0015926390416192593,0.0
36,12.545281019728149,0.0006461665966479791,-0.0001539776153345518,0.0
37,12.575237856723922,-0.0006848393696113842,0.0012426112467287876,0.0
38,12.604848590140133,-0.001976596873827703,0.0025976835062764872,0.0
39,12.634122755660002,-0.0032296514277580326,0.003911792156588381,0.0
40,12.663070047412663,-0.004444546425796849,0.005185487213266226,0.0
41,12.691700291191914,-0.005621822976278597,0.006419315714258081,0.0
42,12.720023418161214,-0.006762019743741971,0.007613821728732854,0.0
43,12.748049439095048,-0.007865672802115312,0.008769546374320805,0.0
44,12.775788419203526,-0.008933315498746994,0.009887027842187104,0.0
45,12.80325045358365,-0.009965478329169693,0.01096680142936202,0.0
46,12.830445643337391,-0.010962688822452892,0.012009399577713863,0.0
47,12.857384072393334,-0.01192547143696548,0.013015351918921132,0.0
48,12.884075785065484,-0.012854347466340083,0.013985185324776139,0.0
49,12.91053076437942,-0.013749834955399515,0.014919423962133579,0.0
50,12.936758911192937,-0.014612448625779461,0.015818589351805593,0.0
51,12.962770024135061,-0.015442699810954186,0.016683200430697136,0.0
52,12.988573780384264,-0.01624109640034762,0.01751377361647428,0.0
53,13.01417971730382,-0.017008142792189842,0.01831082287406075,0.0
54,13.039597214949165,-0.017744339854757915,0.019074859783266042,0.0
55,13.064835479459381,-0.01845018489562098,0.019806393606860744,0.0
56,13.08990352734219,-0.019126171638492902,0.02050593135843053,0.0
57,13.114810170659172,-0.019772790207280906,0.02117397786936128,0.0
58,13.13956400311535,-0.020390527116905137,0.021811035854330346,0.0
59,13.164173387054944,-0.020979865270454368,0.022417605974706743,0.0
60,13.188646441362636,-0.021541283962233333,0.02299418689929155,0.0
61,13.212991030267572,-0.022075258886251222,0.023541275361863543,0.0
62,13.237214753045137,-0.022582262149695866,0.024059366215027335,0.0
63,13.261324934609572,-0.02306276229093586,0.024548952479899543,0.0
64,13.285328616988608,-0.023517224301592195,0.025010525391205147,0.0
65,13.309232551669488,-0.023946109652222512,0.02544457443739572,0.0
66,13.333043192804057,-0.024349876321163998,0.025851587395441047,0.0
67,13.356766691259192,-0.024728978826087402,0.02623205035998712,0.0
68,13.380408889497065,-0.025083868257819386,0.026586447766613484,0.0
69,13.40397531726881,-0.025414992316002204,0.026915262408965655,0.0
70,13.427471188103521,-0.02572279534616676,0.02721897544957825,0.0
71,13.45090139657369,-0.02600771837780997,0.027498066424246157,0.0
72,13.474270516316915,-0.02627019916307853,0.027753013239841015,0.0
73,13.497582798792962,-0.02651067221567695,0.027984292165509597,0.0
74,13.520842172754271,-0.026729568849633747,0.028192377817229386,0.0
75,13.544052244407343,-0.026927317217575856,0.028377743135733647,0.0
76,13.567216298241753,-0.02710434234818056,0.028540859357854154,0.0
77,13.590337298502963,-0.027261066182492258,0.028682195981364456,0.0
78,13.613417891284566,-0.027397907608811643,0.028802220723438694,0.0
79,13.63646040721532,-0.02751528249588533,0.028901399472872496,0.0
80,13.659466864715814,-0.027613603724144353,0.02898019623624121,0.0
81,13.682438973799513,-0.027693281214762187,0.029039073078198325,0.0
82,13.705378140392598,-0.02775472195632376,0.029078490056141222,0.0
83,13.728285471147018,-0.02779833002891931,0.029098905149495844,0.0
84,13.751161778721002,-0.027824506625498877,0.029100774183891634,0.0
85,13.774007587501334,-0.027833650070344426,0.029084550750517447,0.0
86,13.796823139741736,-0.02782615583453941,0.029050686120966184,0.0
87,13.819608402091827,-0.027802416548336185,0.028999629157890394,0.0
88,13.842363072491196,-0.02776282201034295,0.028931826221803056,0.0
89,13.865086587403468,-0.027707759193473246,0.02884772107436919,0.0
90,13.887778129365358,-0.027637612247620274,0.028747754778541898,0.0
91,13.910436634826116,-0.027552762499038888,0.02863236559590292,0.0
92,13.933060802252898,-0.027453588446435865,0.028501988881572175,0.0
93,13.95564910047823,-0.02734046575378855,0.028357056977054217,0.0
94,13.978199777265853,-0.027213767239928358,0.028197999101389544,0.0
95,14.000710868071845,-0.027073862864942514,0.02802524124097846,0.0
96,14.023180204978253,-0.026921119713463233,0.027839206038442647,0.0
97,14.04560542577702,-0.026755901974928,0.02764031268088596,0.0
98,14.067983983182385,-0.0265785709209084,0.027428976787910012,0.0
99,14.090313154150593,-0.026389484879617873,0.027205610299734104,0.0
100,14.112590049286144,-0.026188999207720533,0.02697062136576079,0.0
101,14.134811622314434,-0.02597746625957354,0.026724414233919302,0.0
102,14.156974679601188,-0.025755235354045856,0.026467389141108997,0.0
103,14.179075889699721,-0.025522652739064625,0.0261999422050541,0.0
104,14.201111792907485,-0.025280061554047564,0.025922465317868827,0.0
105,14.22307881081419,-0.02502780179038758,0.02563534604161946,0.0
106,14.244973255824213,-0.024766210250160407,0.02533896750615679,0.0
107,14.2667913406367,-0.024495620503231175,0.02503370830947816,0.0
108,14.288529187667386,-0.024216362842939862,0.024719942420864286,0.0
109,14.310182838396738,-0.023928764240547382,0.024398039087021105,0.0
110,14.331748262629787,-0.023633148298627626,0.024068362741441925,0.0
111,14.353221367653385,-0.023329835203589736,0.023731272917189933,0.0
112,14.374598007277594,-0.023019141677516973,0.023387124163285658,0.0
113,14.395873990748271,-0.022701380929506854,0.023036265964868578,0.0
114,14.417045091518645,-0.02237686260669607,0.0226790426672862,0.0
115,14.438107055868416,-0.022045892745152073,0.022315793404249388,0.0
116,14.459055611359304,-0.02170877372080997,0.021946852030176024,0.0
117,14.479886475116857,-0.0213658042006302,0.021572547056831485,0.0
118,14.500595361928767,-0.02101727909414877,0.02119320159435821,0.0
119,14.521177992150644,-0.020663489505587097,0.020809133296772638,0.0
120,14.541630099410803,-0.02030472268668336,0.020420654311993497,0.0
121,14.561947438106253,-0.019941261990402567,0.020028071236451006,0.0
122,14.58212579068255,-0.01957338682567589,0.019631685074313142,0.0
123,14.602160974691047,-0.01920137261331405,0.01923179120135251,0.0
124,14.622048849617292,-0.018825490743233305,0.018828679333463463,0.0
125,14.641785323475279,-0.018446008533125263,0.018422633499827947,0.0
126,14.661366359162567,-0.018063189188694966,0.018013932020716175,0.0
127,14.680787980571921,-0.017677291765584777,0.017602847489897284,0.0
128,14.70004627845578,-0.01728857113309373,0.017189646761624038,0.0
129,14.719137416040265,-0.01689727793979503,0.01677459094214585,0.0
130,14.738057634386031,-0.016503658581146156,0.016357935385694553,0.0
131,14.756803257493821,-0.016107955169179282,0.01593992969487805,0.0
132,14.775370697153035,-0.015710405504351155,0.015520817725408736,0.0
133,14.793756457532174,-0.015311243049624638,0.015100837595085511,0.0
134,14.811957139510465,-0.014910696906846101,0.014680221696940561,0.0
135,14.829969444750507,-0.01450899179547539,0.014259196716455242,0.0
136,14.847790179512135,-0.014106348033717835,0.013837983652743304,0.0
137,14.865416258208297,-0.013702981522099957,0.013416797843593458,0.0
138,14.882844706704008,-0.013299103729524,0.012995848994258288,0.0
139,14.900072665360003,-0.012894921681828531,0.012575341209871567,0.0
140,14.91709739182302,-0.012490637952876017,0.012155473031371917,0.0
141,14.93391626356508,-0.012086450658181582,0.011736437474806688,0.0
142,14.950526780174506,-0.01168255345109004,0.011318422073887034,0.0
143,14.966926565401714,-0.01127913552150273,0.010901608925661948,0.0
144,14.983113368963311,-0.010876381597149046,0.010486174739176974,0.0
145,14.999085068108092,-0.010474471947392023,0.010072290886981057,0.0
146,15.014839668949179,-0.010073582389551501,0.009660123459343714,0.0
147,15.030375307566477,-0.009673884297723001,0.00924983332104369,0.0
148,15.045690250884228,-0.009275544614065868,0.00884157617058895,0.0
149,15.060782897328442,-0.008878725862528277,0.008435502601728559,0.0
150,15.075651777269373,-0.008483586164973566,0.008031758167115887,0.0
151,15.090295553254403,-0.008090279259666386,0.007630483443983794,0.0
152,15.104713020036874,-0.007698954522074788,0.00723181410169251,0.0
153,15.118903104406613,-0.007309756987938965,0.006835880971012593,0.0
154,15.13286486482809,-0.0069228273785552795,0.006442810115005812,0.0
155,15.14659749089229,-0.00653830212821958,0.0060527229013689525,0.0
156,15.1601003025885,-0.00615631341377203,0.005665736076107175,0.0
157,15.173372749402361,-0.005776989186182028,0.005281961838405633,0.0
158,15.18641440924668,-0.005400453204109684,0.0049015079165698775,0.0
159,15.199224987231473,-0.005026825069378156,0.004524477644908962,0.0
160,15.21180431427993,-0.004656220264288728,0.004150970041437026,0.0
161,15.224152345596917,-0.004288750190709375,0.003781079886272041,0.0
162,15.236269158996835,-0.00392452221086546,0.0034148978006140643,0.0
163,15.24815495309749,-0.00356363968976001,0.00305251032618754,0.0
164,15.259810045386839,-0.0032062020391504355,0.00269400000503631,0.0
165,15.271234870169327,-0.0028523047630070178,0.0023394454595628304,0.0
166,15.282429976398646,-0.0025020395043781497,0.001988921472706875,0.0
167,15.29339602540362,-0.0021554940935870105,0.0016424990681623898,0.0
168,15.30413378851394,-0.001812752597683539,0.001300245590535073,0.0
169,15.314644144592412,-0.001473895371076428,0.0009622247853469469,0.0
170,15.324928077480367,-0.0011389991072686856,0.0006284968787975909,0.0
171,15.334986673362682,-0.0008081368916218734,0.0002991186571962279,0.0
172,15.344821118058974,-0.00048137825507333927,-2.5856454017897382e-05,0.0
173,15.35443269424726,-0.00015878922873252988,-0.000346378311745128,0.0
174,15.363822778626371,0.00015956760071799694,-0.0006623999772596013,0.0
175,15.372992839023338,0.00047363303488944913,-0.0009738776388785776,0.0
176,15.381944431451691,0.000783351206893972,-0.0012807705353335575,0.0
177,15.390679197126726,0.00108866952396251,-0.0015830408799061514,0.0
178,15.399198859443398,0.0013895386095436459,-0.0018806537853874462,0.0
179,15.407505220922635,0.0016859122449514386,-0.0021735771899161196,0.0
180,15.415600160131481,0.001977747310629582,-0.0024617817837464355,0.0
181,15.42348562858252,0.002265003727097276,-0.0027452409369939997,0.0
182,15.431163647617717,0.0025476443956408733,-0.0030239306284025724,0.0
183,15.438636305281843,0.0028256351388135713,-0.0032978293751727695,0.0
184,15.4459057531903,0.0030989446408041647,-0.003566918163888844,0.0
185,15.452974203396092,0.0033675443877332666,-0.0038311803825767047,0.0
186,15.459843925260614,0.0036314086079345916,-0.004090601753923012,0.0
187,15.466517242332525,0.0038905142122762264,-0.00434517026968146,0.0
188,15.472996529239044,0.0041448407345754884,-0.004594876126289398,0.0
189,15.479284208593707,0.00439437027215878,-0.0048397116617145955,0.0
190,15.48538274792448,0.004639087426615855,-0.005079671293548712,0.0
191,15.49129465662594,0.0048789792447961906,-0.005314751458361543,0.0
192,15.49702248293912,0.005114035160092974,-0.005544950552326435,0.0
193,15.502568810962337,0.0053442469340582565,-0.005770268873125204,0.0
194,15.507936257696272,0.005569608598390798,-0.005990708563137497,0.0
195,15.513127470126308,0.005790116397336511,-0.006206273553917726,0.0
196,15.51814512234503,0.0060057687305385445,-0.006416969511959171,0.0
197,15.522991912717561,0.006216566096373173,-0.006622803785743497,0.0
198,15.527670561092297,0.006422511035804665,-0.006823785354070875,0.0
199,15.532183806059434,0.006623608076791269,-0.007019924775664094,0.0
200,15.536534402259468,0.006819863679271472,-0.007211234140037807,0.0
201,15.540725117743817,0.007011286180759149,-0.007397727019622368,0.0
202,15.544758731389352,0.007197885742572619,-0.00757941842312926,0.0
203,15.548638030368723,0.007379674296722539,-0.007756324750144127,0.0
204,15.552365807678015,0.007556665493480389,-0.007928463746931238,0.0
205,15.555944859723247,0.007728874649648221,-0.008095854463431865,0.0
206,15.559377983966993,0.007896318697548282,-0.008258517211437565,0.0
207,15.56266797663639,0.008059016134749563,-0.008416473523918257,0.0
208,15.565817630493537,0.008216986974546798,-0.008569746115483456,0.0
209,15.56882973266923,0.008370252697205132,-0.008718358843953992,0.0
210,15.571707062560861,0.0085188362019831,-0.00886233667302096,0.0
211,15.57445238979513,0.008662761759944201,-0.00900170563596687,0.0
212,15.577068472256176,0.008802054967566081,-0.009136492800424091,0.0
213,15.57955805417956,0.008936742701155237,-0.009266726234144408,0.0
214,15.58192386431244,0.009066853072073,-0.009392434971752753,0.0
215,15.584168614140225,0.009192415382778391,-0.009513648982458583,0.0
216,15.586294996179769,0.009313460083690535,-0.009630399138696271,0.0
217,15.588305682339236,0.009430018730873744,-0.00974271718566771,0.0
218,15.59020332234455,0.00954212394454593,-0.009850635711757635,0.0
219,15.59199054223226,0.009649809368410473,-0.009954188119794306,0.0
220,15.593669942908672,0.00975310962981045,-0.010053408599126101,0.0
221,15.59524409877488,0.009852060300702976,-0.010148332098486005,0.0
222,15.596715556417369,0.009946697859450657,-0.01023899429961517,0.0
223,15.59808683336367,0.010037059653425797,-0.01032543159161696,0.0
224,15.599360416902671,0.010123183862422598,-0.010407681046013677,0.0
225,15.60053876296882,0.010205109462871433,-0.010485780392477193,0.0
226,15.60162429508975,0.01028287619284839,-0.010559767995206302,0.0
227,15.602619403396485,0.010356524517873065,-0.010629682829923104,0.0
228,15.603526443695575,0.010426095597486132,-0.010695564461461478,0.0
229,15.604347736602211,0.01049163125259818,-0.010757453021920937,0.0
230,15.605085566733614,0.010553173933600377,-0.010815389189360074,0.0
231,15.60574218196167,0.010610766689227244,-0.010869414167003716,0.0
232,15.606319792723927,0.010664453136160813,-0.010919569662939202,0.0
233,15.60682057139191,0.010714277429365553,-0.010965897870277118,0.0
234,15.607246651695817,0.010760284233142648,-0.011008441447753198,0.0
235,15.607600128204428,0.010802518692891998,-0.011047243500747966,0.0
236,15.607883055859219,0.010841026407569685,-0.011082347562702296,0.0
237,15.608097449561532,0.010875853402828923,-0.011113797576906944,0.0
238,15.608245283811675,0.010907046104831583,-0.011141637878645768,0.0
239,15.608328492398734,0.010934651314717521,-0.011165913177672045,0.0
240,15.608348968139993,0.010958716183718697,-0.011186668540999301,0.0
241,15.608308562668686,0.010979288188904913,-0.011203949375987753,0.0
242,15.608209086268888,0.010996415109547842,-0.01121780141370918,0.0
243,15.60805230775631,0.011010145004089866,-0.011228270692573362,0.0
244,15.607839954403751,0.01102052618770425,-0.011235403542200064,0.0
245,15.6075737119099,0.011027607210433207,-0.01123924656752157,0.0
246,15.607255224410334,0.011031436835890375,-0.01123984663310182,0.0
247,15.606886094529303,0.011032064020513987,-0.011237250847658248,0.0
248,15.606467883471112,0.011029537893357587,-0.011231506548774218,0.0
249,15.606002111149799,0.011023907736404612,-0.011222661287790082,0.0
250,15.605490256355804,0.011015222965393888,-0.011210762814862076,0.0
251,15.60493375695837,0.011003533111142546,-0.011195859064178904,0.0
252,15.60433401014238,0.010988887801353606,-0.0111779981393267,0.0
253,15.603692372678355,0.010971336742895159,-0.011157228298793917,0.0
254,15.603010161224326,0.010950929704538644,-0.011133597941608446,0.0
255,15.602288652658336,0.010927716500143497,-0.01110715559309973,0.0
256,15.60152908444028,0.010901746972276112,-0.011077949890780054,0.0
257,15.600732655001838,0.010873070976250962,-0.011046029570339068,0.0
258,15.599900524163239,0.010841738364581863,-0.01101144345174701,0.0
259,15.599033813575652,0.010807798971832136,-0.010974240425462321,0.0
260,15.598133607187933,0.010771302599852057,-0.01093446943874031,0.0
261,15.59720095173655,0.010732299003392726,-0.010892179482039804,0.0
262,15.596236857257432,0.010690837876085404,-0.010847419575525834,0.0
263,15.595242297618627,0.010646968836776027,-0.01080023875566639,0.0
264,15.594218211072501,0.010600741416204472,-0.010750686061922385,0.0
265,15.593165500826387,0.010552205044018853,-0.010698810523530163,0.0
266,15.592085035630525,0.010501409036115204,-0.010644661146376565,0.0
267,15.590977650382113,0.010448402582293096,-0.01058828689996686,0.0
268,15.58984414674442,0.010393234734218514,-0.010529736704486687,0.0
269,15.588685293779834,0.010335954393684994,-0.010469059417958993,0.0
270,15.587501828595762,0.01027661030116489,-0.010406303823498077,0.0
271,15.586294457002325,0.010215251024642578,-0.01034151861666251,0.0
272,15.585063854180829,0.01015192494872196,-0.010274752392909637,0.0
273,15.583810665361966,0.010086680264000775,-0.010206053635154337,0.0
274,15.582535506512736,0.010019564956704663,-0.010135470701435176,0.0
275,15.581238965031146,0.009950626798574082,-0.010063051812691228,0.0
276,15.579921600447687,0.009879913336997682,-0.009988845040653343,0.0
277,15.578583945132674,0.009807471885385863,-0.009912898295853498,0.0
278,15.577226505008525,0.00973334951377863,-0.009835259315756439,0.0
279,15.575849760266046,0.009657593039682043,-0.009755975653017699,0.0
280,15.574454166083932,0.009580249019128188,-0.00967509466387239,0.0
281,15.573040153350536,0.009501363737953199,-0.00959266349665923,0.0
282,15.571608129387137,0.009420983203289013,-0.00950872908048452,0.0
283,15.570158478671878,0.009339153135263978,-0.009423338114030521,0.0
284,15.568691563563572,0.009255918958908163,-0.009336537054513013,0.0
285,15.567207725024664,0.009171325796259623,-0.009248372106793109,0.0
286,15.565707283342542,0.009085418458667378,-0.009158889212647615,0.0
287,15.564190538848546,0.008998241439288087,-0.009068134040203117,0.0
288,15.562657772633909,0.00890983890577266,-0.008976151973538373,0.0
289,15.561109247262038,0.008820254693140205,-0.008882988102459874,0.0
290,15.559545207476422,0.008729532296836037,-0.008788687212455126,0.0
291,15.557965880903582,0.008637714865971318,-0.00869329377482834,0.0
292,15.556371478750439,0.008544845196741896,-0.00859685193702314,0.0
293,15.554762196495538,0.008450965726023794,-0.0084994055131366,0.0
294,15.55313821457355,0.008356118525143607,-0.008400997974628965,0.0
295,15.551499699052576,0.00826034529382164,-0.008301672441233376,0.0
296,15.549846802303621,0.008163687354285989,-0.008201471672069437,0.0
297,15.548179663661934,0.008066185645556109,-0.00810043805696488,0.0
298,15.546498410079556,0.007967880717894194,-0.007998613607988734,0.0
299,15.544803156768797,0.007868812727423166,-0.00789603995119981,0.0
300,15.543094007836103,0.007769021430909878,-0.007792758318613935,0.0
301,15.541371056905987,0.0076685461807125205,-0.007688809540393028,0.0
302,15.539634387734646,0.007567425919891212,-0.007584234037259294,0.0
303,15.537884074812833,0.007465699177480672,-0.007479071813137053,0.0
304,15.536120183957781,0.007363404063924437,-0.007373362448025297,0.0
305,15.534342772893755,0.007260578266669543,-0.0072671450911030045,0.0
306,15.532551891821006,0.007157259045921201,-0.007160458454069718,0.0
307,15.53074758397283,0.007053483230556759,-0.0070533408047232845,0.0
308,15.528929886160489,0.006949287214198334,-0.006945829960776614,0.0
309,15.527098829305794,0.00684470695144362,-0.006837963283914999,0.0
310,15.525254438961102,0.006739777954254444,-0.006729777674095416,0.0
311,15.523396735816545,0.006634535288502524,-0.006621309564088855,0.0
312,15.52152573619437,0.006529013570672009,-0.006512594914266786,0.0
313,15.519641452530173,0.006423246964718458,-0.006403669207632123,0.0
314,15.51774389384093,0.006317269179083715,-0.006294567445095596,0.0
315,15.51583306617973,0.0062111134638664755,-0.006185324140997436,0.0
316,15.513908973077077,0.0061048126081480365,-0.006075973318874598,0.0
317,15.511971615968694,0.005998398937472781,-0.005966548507473249,0.0
318,15.510020994609796,0.005891904311483143,-0.005857082737006234,0.0
319,15.508057107475757,0.005785360121708481,-0.0057476085356548455,0.0
320,15.506079952149147,0.005678797289507458,-0.005638157926314077,0.0
321,15.504089525693146,0.005572246264163592,-0.005528762423580453,0.0
322,15.502085825011324,0.005465737021133218,-0.005419453030981132,0.0
323,15.500068847193802,0.005359299060445576,-0.005310260238442886,0.0
324,15.498038589849855,0.0052529614052543045,-0.005201214019999508,0.0
325,15.495995051426952,0.005146752600539798,-0.005092343831735688,0.0
326,15.493938231516353,0.005040700711961771,-0.004983678609965478,0.0
327,15.491868131145305,0.004934833324861304,-0.004875246769643287,0.0
328,15.48978475305593,0.004829177543411734,-0.004767076203005111,0.0
329,15.487688101970903,0.004723759989917364,-0.004659194278437352,0.0
330,15.48557818484603,0.004618606804259394,-0.004551627839570929,0.0
331,15.483455011109879,0.004513743643488061,-0.00444440320459768,0.0
332,15.48131859289051,0.004409195681559937,-0.004337546165806263,0.0
333,15.47916894522961,0.0043049876092196475,-0.0042310819893345,0.0
334,15.477006086283975,0.0042011436340245074,-0.004125035415135027,0.0
335,15.474830037514721,0.004097687480511466,-0.004019430657150909,0.0
336,15.472640823864209,0.003994642390504584,-0.003914291403697884,0.0
337,15.47043847392101,0.0038920311235623663,-0.0038096408180496397,0.0
338,15.468223020072998,0.0037898759575631627,-0.0037055015392226,0.0
339,15.465994498648847,0.0036881986894275395,-0.0036018956829564444,0.0
340,15.463752950048066,0.0035870206359761006,-0.0034988448428865506,0.0
341,15.461498418859854,0.003486362634921237,-0.0033963700919045483,0.0
342,15.459230953970938,0.0033862450459912928,-0.0032944919837029542,0.0
343,15.456950608662634,0.003286687752185431,-0.0031932305544998658,0.0
344,15.454657440697396,0.0031877101611577498,-0.003092605324939654,0.0
345,15.452351512395023,0.003089331206728619,-0.002992635302165417,0.0
346,15.450032890698827,0.0029915693505216984,-0.002893338982059144,0.0
347,15.447701647231982,0.002894442583724656,-0.002794734351645158,0.0
348,15.44535785834427,0.002797968428971756,-0.0026968388916526888,0.0
349,15.44300160514952,0.0027021639423462666,-0.00259966957923317,0.0
350,15.44063297355401,0.0026070457155009177,-0.0025032428908279706,0.0
351,15.438252054276003,0.0025126298778940523,-0.0024075748051821796,0.0
352,15.435858942856765,0.0024189320991396357,-0.002312680806499978,0.0
353,15.43345373966331,0.002325967591468818,-0.002218575887737357,0.0
354,15.431036549883077,0.002233751112301033,-0.0021252745540275937,0.0
355,15.428607483510866,0.0021422969669221688,-0.002032790826235316,0.0
356,15.426166655328302,0.002051619011267884,-0.0019411382446344596,0.0
357,15.423714184876012,0.0019617306548093843,-0.0018503298727060773,0.0
358,15.421250196418889,0.0018726448635396872,-0.0017603783010512596,0.0
359,15.41877481890463,0.0017843741630577644,-0.0016712956514151798,0.0
360,15.416288185915837,0.0016969306417482692,-0.0015830935808175898,0.0
361,15.413790435615965,0.0016103259540544536,-0.0014957832857857539,0.0
362,15.411281710689341,0.0015245713238417327,-0.0014093755066853064,0.0
363,15.408762158275556,0.0014396775478495633,-0.0013238805321450005,0.0
364,15.406231929898475,0.0013556549992289725,-0.0012393082035709554,0.0
365,15.403691181390087,0.0012725136311634193,-0.0011556679197463492,0.0
366,15.401140072809538,0.001190262980570342,-0.0010729686415125285,0.0
367,15.398578768357497,0.001108912171880839,-0.0009912188965271714,0.0
368,15.396007436286187,0.0010284699208950746,-0.0009104267840958339,0.0
369,15.393426248805302,0.0009489445387107055,-0.0008305999800726817,0.0
370,15.390835381984033,0.0008703439357218272,-0.0007517457418265592,0.0
371,15.3882350156495,0.0007926756256859214,-0.0006738709132686042,0.0
372,15.385625333281745,0.0007159467298561021,-0.0005969819299374921,0.0
373,15.383006521905624,0.0006401639811762544,-0.0005210848241386962,0.0
374,15.380378771979755,0.0005653337285364077,-0.00044618523013405026,0.0
375,15.37774227728276,0.0004914619410857321,-0.00037228838937798745,0.0
376,15.375097234797057,0.0004185542126007761,-0.0002993991557969603,0.0
377,15.3724438445904,0.00034661576590620585,-0.00022752200110854356,0.0
378,15.369782309695378,0.00027565145734564705,-0.00015666102017687368,0.0
379,15.367112835987069,0.00020566578130000793,-8.681993640102554e-05,0.0
380,15.364435632059132,0.00013666287475090912,-1.800210713312156e-05,0.0
381,15.361750909098419,6.864652188654203e-05,4.9789470877023293e-05,0.0
382,15.359058880758404,1.6201587476616377e-06,0.00011655215601379027,0.0
383,15.356359763031584,-6.441312208885692e-05,0.0001822836563073055,0.0
384,15.353653774121021,-0.00012945056679126822,0.00024698202392751614,0.0
385,15.350941134311237,-0.00019348975552146487,0.00031064564966374556,0.0
386,15.348222065838609,-0.0002565285976531359,0.00037327325739251906,0.0
387,15.345496792761516,-0.00031856532696182717,0.00043486389853632625,0.0
388,15.342765540830234,-0.00037959849678943504,0.0004954169465161893,0.0
389,15.340028537356957,-0.00043962697518523804,0.0005549320912003161,0.0
390,15.337286011085936,-0.0004986499400258519,0.0006134093333516742,0.0
391,15.334538192063949,-0.0005566668741163653,0.0006708489790766778,0.0
392,15.331785311511265,-0.000613677560274766,0.0007272516342775227,0.0
393,15.32902760169318,-0.0006696820764019535,0.0007826181991103407,0.0
394,15.326265295792364,-0.0007246807905393891,0.0008369498624514529,0.0
395,15.32349862778203,-0.0007786743559165932,0.0008902480963739285,0.0
396,15.320727832300125,-0.0008316637059904492,0.0009425146506363856,0.0
397,15.317953144524672,-0.0008836500494784059,0.000993751547186178,0.0
398,15.315174800050304,-0.0009346348653876611,0.0010439610746788073,0.0
399,15.312393034766203,-0.0009846198980421163,0.0010931457830155246,0.0
400,15.309608084735434,-0.001033607152109162,0.0011413084779008408,0.0
401,15.306820186075878,-0.0010815988876281817,0.0011884522154217052,0.0
402,15.304029574842803,-0.001128597615042479,0.0012345802966500612,0.0
403,15.301236486913151,-0.0011746060902366072,0.0012796962622703347,0.0
404,15.29844115787169,-0.0012196273095807849,0.0013238038872334355,0.0
405,15.295643822899024,-0.001263664504984104,0.001366907175438694,0.0
406,15.292844716661627,-0.0013067211389582519,0.001409010354445212,0.0
407,15.29004407320389,-0.001348800899693393,0.001450117870213998,0.0
408,15.287242125842294,-0.0013899076961477884,0.0014902343818820876,0.0
409,15.284439107061793,-0.001430045653152724,0.0015293647565699934,0.0
410,15.281635248414375,-0.0014692191065342885,0.001567514064223639,0.0
411,15.278830780419959,-0.0015074325982534277,0.0016046875724919007,0.0
412,15.276025932469604,-0.0015446908715657977,0.0016408907416408012,0.0
413,15.273220932731114,-0.001580998866202693,0.0016761292195054693,0.0
414,15.270416008057044,-0.0016163617135745662,0.0017104088364807654,0.0
415,15.267611383895181,-0.001650784731998261,0.0017437356005515108,0.0
416,15.264807284201513,-0.001684273421949439,0.0017761156923632128,0.0
417,15.262003931355705,-0.0017168334613412465,0.0018075554603341224,0.0
418,15.259201546079119,-0.0017484707008305208,0.0018380614158093884,0.0
419,15.256400347355425,-0.0017791911591527193,0.0018676402282580523,0.0
420,15.253600552353742,-0.0018090010184865655,0.0018962987205135935,0.0
421,15.250802376354446,-0.0018379066198495955,0.0019240438640586454,0.0
422,15.24800603267748,-0.0018659144585255814,0.0019508827743545776,0.0
423,15.245211732613406,-0.0018930311795249065,0.001976822706216423,0.0
424,15.242419685356971,-0.0019192635730786924,0.0020018710492337058,0.0
425,15.239630097943335,-0.0019446185701678513,0.002026035323237761,0.0
426,15.236843175186925,-0.0019691032380876787,0.002049323173815908,0.0
427,15.234059119622867,-0.001992724776049048,0.002071742367872944,0.0
428,15.23127813145107,-0.0020154905108168927,0.002093300789240367,0.0
429,15.228500408482876,-0.002037407892386847,0.002114006434333687,0.0
430,15.225726146090281,-0.0020584844897006717,0.002133867407858146,0.0
431,15.222955537157777,-0.002078727986401358,0.0021528919185631974,0.0
432,15.220188772036668,-0.0020981461766283634,0.0021710882750459507,0.0
433,15.217426038502005,-0.0021167469608538306,0.0021884648816039194,0.0
434,15.21466752171196,-0.0021345383417602608,0.0022050302341372107,0.0
435,15.21191340416972,-0.002151528420160243,0.002220792916100397,0.0
436,15.209163865687849,-0.0021677253909589025,0.0022357615945042763,0.0
437,15.20641908335504,-0.00218313753915942,0.002249945015967592,0.0
438,15.203679231505337,-0.002197773235912213,0.0022633520028189098,0.0
439,15.200944481689662,-0.0022116409346082124,0.002275991449248697,0.0
440,15.198215002649736,-0.0022247491670167024,0.0022878723175117897,0.0
441,15.195490960294283,-0.0022371065394680132,0.002299003634180166,0.0
442,15.192772517677472,-0.002248721729081612,0.00230939448644623,0.0
443,15.190059834979689,-0.0022596034800397872,0.002319054018476518,0.0
444,15.187353069490374,-0.002269760599907333,0.0023279914278158884,0.0
445,15.184652375593135,-0.0022792019559975114,0.0023362159618421714,0.0
446,15.181957904752892,-0.002287936471784535,0.002343736914271325,0.0
447,15.179269805505154,-0.002295973123362893,0.002350563621712915,0.0
448,15.176588223447286,-0.0023033209359536806,0.0023567054602760167,0.0
449,15.173913301231787,-0.0023099889804581203,0.002362171842225441,0.0
450,15.171245178561517,-0.0023159863700585245,0.002366972212688097,0.0
451,15.168583992186807,-0.002321322256866819,0.0023711160464095493,0.0
452,15.165929875904453,-0.002326005828620745,0.0023746128445606214,0.0
453,15.16328296055848,-0.002330046305427864,0.0023774721315938307,0.0
454,15.160643374042706,-0.002333452936557547,0.0023797034521496974,0.0
455,15.158011241305015,-0.002336234997280832,0.002381316368012668,0.0
456,15.155386684353285,-0.0023384017857584582,0.0023823204551165485,0.0
457,15.152769822262949,-0.002339962619976884,0.0023827253005993224,0.0
458,15.150160771186142,-0.0023409268347324625,0.0023825404999071173,0.0
459,15.14755964436236,-0.0023413037786637297,0.0023817756539472224,0.0
460,15.144966552130597,-0.002341102811331799,0.0023804403662899443,0.0
461,15.142381601942944,-0.0023403333003488114,0.0023785442404190846,0.0
462,15.139804898379534,-0.0023390046185544286,0.0023760968770309113,0.0
463,15.137236543164839,-0.0023371261412403047,0.0023731078713813665,0.0
464,15.134676635185276,-0.002334707243422488,0.0023695868106812985,0.0
465,15.132125270508011,-0.0023317572971615565,0.0023655432715395355,0.0
466,15.129582542401018,-0.0023282856689305657,0.002360986817453574,0.0
467,15.12704854135421,-0.0023243017170305586,0.002355926996347594,0.0
468,15.12452335510174,-0.0023198147890535078,0.0023503733381577047,0.0
469,15.122007068645317,-0.0023148342193926724,0.002344335352463967,0.0
470,15.119499764278533,-0.0023093693268000956,0.0023378225261691797,0.0
471,15.117001521612174,-0.0023034294119911366,0.0023308443212240065,0.0
472,15.114512417600405,-0.0022970237552958654,0.002323410172398289,0.0
473,15.112032526567885,-0.0022901616143570776,0.0023155294850982157,0.0
474,15.109561920237653,-0.0022828522218748732,0.002307211633229124,0.0
475,15.107100667759838,-0.0022751047833974177,0.0022984659571036797,0.0
476,15.10464883574108,-0.002266928475157817,0.0022893017613951293,0.0
477,15.102206488274682,-0.002258332441956796,0.0022797283131353527,0.0
478,15.099773686971368,-0.0022493257950909934,0.0022697548397574516,0.0
479,15.09735049099072,-0.0022399176103266114,0.0022593905271825615,0.0
480,15.094936957073127,-0.0022301169259181975,0.0022486445179506513,0.0
481,15.092533139572309,-0.0022199327406722666,0.0022375259093949345,0.0
482,15.090139090488307,-0.002209374012055523,0.0022260437518597243,0.0
483,15.087754859500949,-0.00219844965434739,0.002214207046961267,0.0
484,15.085380494003731,-0.0021871685368366274,0.00220202474589141,0.0
485,15.083016039138055,-0.002175539482061676,0.0021895057477637064,0.0
486,15.080661537827837,-0.0021635712640944538,0.0021766588980016784,0.0
487,15.078317030814418,-0.002151272606867366,0.002163492986768906,0.0
488,15.075982556691738,-0.0021386521825431737,0.00215001674744068,0.0
489,15.073658151941743,-0.0021257186099274024,0.002136238855116844,0.0
490,15.071343850970031,-0.0021124804529229655,0.002122167925175531,0.0
491,15.069039686141636,-0.0020989462190267936,0.002107812511867478,0.0
492,15.066745687816958,-0.0020851243578679846,0.0020931811069505733,0.0
493,15.064461884387836,-0.002071023259787262,0.0020782821383643468,0.0
494,15.062188302313647,-0.0020566512544573537,0.0020631239689439984,0.0
495,15.059924966157515,-0.002042016609543953,0.0020477148951737693,0.0
496,15.057671898622498,-0.00202712752940693,0.0020320631459791075,0.0
497,15.055429120587789,-0.0020119921538414905,0.0020161768815575233,0.0
498,15.053196651144901,-0.001996618556858809,0.0020000641922476256,0.0
499,15.050974507633757,-0.0019810147455059037,0.0019837330974360945,0.0
500,15.048762705678731,-0.0019651886587243486,0.0019671915445021635,0.0
501,15.046561259224578,-0.0019491481662474452,0.001950447407799325,0.0
502,15.044370180572228,-0.0019329010675355153,0.0019335084876738972,0.0
503,15.042189480414418,-0.0019164550907488926,0.0019163825095200998,0.0
504,15.040019167871185,-0.0018998178917583382,0.0018990771228712413,0.0
505,15.037859250525116,-0.001882997053192435,0.0018815999005267529,0.0
506,15.035709734456443,-0.001866000083521551,0.0018639583377146095,0.0
507,15.03357062427785,-0.001848834416178111,0.001846159851288835,0.0
508,15.031441923169059,-0.001831507408712673,0.0018282117789617505,0.0
509,15.029323632911145,-0.00181402634198549,0.0018101213785705259,0.0
510,15.027215753920558,-0.0017963984193931594,0.0017918958273777262,0.0
511,15.025118285282831,-0.0017786307661299644,0.0017735422214054707,0.0
512,15.023031224786017,-0.0017607304284835107,0.0017550675748028417,0.0
513,15.020954568953735,-0.0017427043731643086,0.0017364788192461703,0.0
514,15.018888313077909,-0.0017245594866688418,0.0017177828033717699,0.0
515,15.016832451251146,-0.0017063025746757666,0.0016989862922408613,0.0
516,15.014786976398725,-0.0016879403614748474,0.0016800959668361792,0.0
517,15.012751880310212,-0.0016694794894282297,0.0016611184235899889,0.0
518,15.010727153670704,-0.0016509265184636124,0.001642060173943079,0.0
519,15.008712786091642,-0.0016322879255989712,0.0016229276439343168,0.0
520,15.006708766141214,-0.0016135701044984337,0.0016037271738205008,0.0
521,15.00471508137435,-0.001594779365058806,0.0015844650177259914,0.0
522,15.002731718362291,-0.0015759219330265092,0.0015651473433218193,0.0
523,15.000758662721685,-0.0015570039496443674,0.0015457802315338568,0.0
524,14.998795899143309,-0.001538031471327939,0.0015263696762796855,0.0
525,14.996843411420251,-0.0015190104693709532,0.0015069215842336992,0.0
526,14.994901182475715,-0.0014999468296794413,0.0014874417746201902,0.0
527,14.992969194390326,-0.001480846352534143,0.0014679359790338731,0.0
528,14.99104742842897,-0.0014617147523808694,0.0014484098412875623,0.0
529,14.989135865067183,-0.0014425576576482298,0.001428868917286582,0.0
530,14.987234484017048,-0.0014233806105925693,0.0014093186749294887,0.0
531,14.98534326425263,-0.0014041890671694518,0.0013897644940347688,0.0
532,14.983462184034932,-0.0013849883969314916,0.0013702116662930375,0.0
533,14.981591220936352,-0.0013657838829519596,0.001350665395244435,0.0
534,14.979730351864703,-0.0013465807217738972,0.001331130796280757,0.0
535,14.977879553086693,-0.0013273840233842473,0.0013116128966719394,0.0
536,14.976038800250967,-0.0013081988112126084,0.001292116635616554,0.0
537,14.974208068410656,-0.001289030022154191,0.0012726468643158293,0.0
538,14.972387332045429,-0.0012698825066166624,0.001253208346070875,0.0
539,14.970576565083086,-0.0012507610285903284,0.0012338057564026685,0.0
540,14.968775740920652,-0.0012316702657413808,0.001214443683194471,0.0
541,14.966984832445,-0.0012126148095277023,0.0011951266268561728,0.0
542,14.965203812053005,-0.0011935991653369187,0.001175859000510295,0.0
543,14.963432651671216,-0.0011746277526462285,0.0011566451301991388,0.0
544,14.961671322775047,-0.0011557049052036239,0.0011374892551127996,0.0
545,14.959919796407528,-0.0011368348712301234,0.0011183955278375498,0.0
546,14.958178043197563,-0.001118021813642607,0.0010993680146242457,0.0
547,14.956446033377734,-0.001099269810296804,0.001080410695676407,0.0
548,14.954723736801654,-0.0010805828542501728,0.0010615274654574812,0.0
549,14.953011122960874,-0.0010619648540441012,0.0010427221330169766,0.0
550,14.951308161001313,-0.001043419634005154,0.0010239984223350614,0.0
551,14.949614819739265,-0.0010249509345649451,0.0010053599726852272,0.0
552,14.94793106767698,-0.001006562412598224,0.0009868103390146116,0.0
553,14.94625687301776,-0.0009882576417788187,0.0009683529923416473,0.0
554,14.944592203680687,-0.000970040112952985,0.0009499913201705765,0.0
555,14.942937027314894,-0.0009519132345298406,0.0009317286269225417,0.0
556,14.94129131131341,-0.0009338803328884997,0.0009135681343827827,0.0
557,14.93965502282663,-0.0009159446528014385,0.0008955129821636103,0.0
558,14.938028128775333,-0.0008981093578738372,0.00087756622818276,0.0
559,14.936410595863338,-0.0008803775309983792,0.0008597308491567354,0.0
560,14.934802390589748,-0.0008627521748252755,0.0008420097411087824,0.0
561,14.933203479260815,-0.0008452362122469854,0.000824405719891158,0.0
562,14.931613828001407,-0.0008278324868974169,0.0008069215217212023,0.0
563,14.930033402766135,-0.0008105437636650818,0.0007895598037310092,0.0
564,14.928462169350079,-0.0007933727292199536,0.0007723231445301529,0.0
565,14.926900093399176,-0.00077632199255362,0.000755214044781267,0.0
566,14.925347140420236,-0.0007593940855323211,0.0007382349277879689,0.0
567,14.923803275790636,-0.0007425914634625986,0.0007213881400948889,0.0
568,14.92226846476765,-0.0007259165056691076,0.0007046759520993576,0.0
569,14.920742672497465,-0.0007093715160842707,0.0006881005586744272,0.0
570,14.919225864023861,-0.0006929587238494724,0.000671664079802875,0.0
571,14.917718004296589,-0.0006766802839273236,0.0006553685612218237,0.0
572,14.9162190581794,-0.0006605382777247368,0.0006392159750776574,0.0
573,14.91472899045783,-0.0006445347137264559,0.0006232082205908369,0.0
574,14.913247765846627,-0.0006286715281386508,0.0006073471247303374,0.0
575,14.911775348996926,-0.0006129505855422399,0.0005916344428972823,0.0
576,14.910311704503158,-0.0005973736795557037,0.0005760718596174812,0.0
577,14.908856796909618,-0.0005819425335068578,0.0005606609892425839,0.0
578,14.907410590716836,-0.0005666588011134735,0.0005454033766594132,0.0
579,14.905973050387642,-0.0005515240671721945,0.0005303004980072115,0.0
580,14.904544140353016,-0.0005365398482556432,0.000515353761402492,0.0
581,14.903123825017635,-0.0005217075934171963,0.0005005645076710807,0.0
582,14.901712068765246,-0.000507028684903216,0.00048593401108713467,0.0
583,14.900308835963758,-0.0004925044388724165,0.00047146348011875544,0.0
584,14.898914090970136,-0.00047813610612199795,0.0004571540581799091,0.0
585,14.89752779813505,-0.0004639248728202791,0.0004430068243882661,0.0
586,14.896149921807343,-0.0004498718612454691,0.00042902279432882097,0.0
587,14.894780426338269,-0.00043597813053036544,0.0004152029208227814,0.0
588,14.893419276085545,-0.0004222446774125625,0.00040154809470157075,0.0
589,14.892066435417206,-0.00040867243698996364,0.00038805914558560234,0.0
590,14.890721868715266,-0.0003952622834812201,0.00037473684266749196,0.0
591,14.889385540379223,-0.0003820150309908835,0.0003615818954994915,0.0
592,14.888057414829357,-0.00036893143427890485,0.00034859495478478956,0.0
593,14.886737456509909,-0.00035601218953426096,0.0003357766131723974,0.0
594,14.885425629892028,-0.00034325793515237906,0.00032312740605541524,0.0
595,14.884121899476648,-0.0003306692525160852,0.0003106478123723008,0.0
596,14.882826229797132,-0.000318246666779852,0.0002983382554109061,0.0
597,14.881538585421847,-0.00030599064765698486,0.0002861991036150602,0.0
598,14.880258930956545,-0.0002939016102095497,0.0002742306713933466,0.0
599,14.878987231046635,-0.00028197991564074114,0.0002624332199298627,0.0
600,14.87772345037934,-0.000270225872089457,0.00025080695799668156,0.0
601,14.87646755368571,-0.0002586397354267707,0.00023935204276779188,0.0
602,14.875219505742521,-0.0002472217100541103,0.00022806858063421898,0.0
603,14.87397927137408,-0.00023597194970283506,0.00021695662802010071,0.0
604,14.872746815453922,-0.00022489055823500745,0.00020601619219947476,0.0
605,14.871522102906372,-0.00021397759044508712,0.0001952472321135353,0.0
606,14.870305098708055,-0.00020323305286231266,0.00018464965918812314,0.0
607,14.869095767889293,-0.0001926569045535575,0.00017422333815118488,0.0
608,14.867894075535418,-0.00018224905792634834,0.00016396808785001474,0.0
609,14.866699986787982,-0.00017200937953196034,0.00015388368206804747,0.0
610,14.865513466845938,-0.0001619376908681957,0.00014396985034094488,0.0
611,14.864334480966688,-0.00015203376918178149,0.0001342262787717742,0.0
612,14.863162994467107,-0.00014229734827001344,0.00012465261084508968,0.0
613,14.861998972724464,-0.0001327281192815559,0.00011524844823967554,0.0
614,14.860842381177319,-0.00012332573151613762,0.00010601335163972411,0.0
615,14.859693185326327,-0.00011408979322292774,9.694684154429885e-05,0.0
616,14.85855135073499,-0.00010501987239739417,8.804839907488472e-05,0.0
617,14.857416843030396,-9.611549757644845e-05,7.93174667807032e-05,0.0
618,14.856289627903848,-8.737615863169049e-05,7.075344944181037e-05,0.0
619,14.855169671111506,-7.880130756055834e-05,6.235571486959e-05,0.0
620,14.854056938474944,-7.039035927513993e-05,5.4123594704563464e-05,0.0
621,14.852951395881686,-6.214269238855247e-05,4.605638521135648e-05,0.0
622,14.851853009285717,-5.405764999865948e-05,3.8153348070531645e-05,0.0
623,14.850761744707935,-4.613454046891138e-05,3.0413711167224934e-05,0.0
624,14.8496775682366,-3.837263820622377e-05,2.283666937636041e-05,0.0
625,14.848600446027714,-3.077118443562013e-05,1.542138534428194e-05,0.0
626,14.847530344305422,-2.3329387971565335e-05,8.166990266673738e-06,0.0
627,14.846467229362382,-1.6046425985779103e-05,1.0725846625632767e-06,0.0
628,14.845411067560061,-8.921444771345725e-06,-5.862760855754914e-06,0.0
629,14.844361825329091,-1.9535605030259614e-06,-1.2640004816954523e-05,0.0
630,14.84331946916955,4.8581400064558365e-06,-1.9260134129267865e-05,0.0
631,14.842283965651253,1.1514598554196559e-05,-2.572416332363121e-05,0.0
632,14.841255281414028,1.8016784799237815e-05,-3.2033133801417926e-05,0.0
633,14.84023338316797,2.436569551906481e-05,-3.818811308693338e-05,0.0
634,14.83921823769369,3.0562353870705494e-05,-4.41901940848885e-05,0.0
635,14.838209811842592,3.66078086564876e-05,-5.004049434286204e-05,0.0
636,14.837208072537065,4.250313359466399e-05,-5.574015531892916e-05,0.0
637,14.83621298677075,4.824942659495113e-05,-6.129034165462301e-05,0.0
638,14.835224521608756,5.384780903914921e-05,-6.669224045325153e-05,0.0
639,14.834242644187892,5.9299425067023215e-05,-7.194706056379201e-05,0.0
640,14.833267321716896,6.460544086740822e-05,-7.70560318704042e-05,0.0
641,14.832298521476659,6.976704397482493e-05,-8.202040458769357e-05,0.0
642,14.831336210820446,7.478544257160935e-05,-8.684144856181132e-05,0.0
643,14.830380357174151,7.966186479567829e-05,-9.15204525775729e-05,0.0
644,14.829430928036501,8.439755805409523e-05,-9.605872367156596e-05,0.0
645,14.82848789097931,8.899378834245947e-05,-0.00010045758645145996,0.0
646,14.827551213647716,9.34518395702279e-05,-0.00010471838242156576,0.0
647,14.826620863760436,9.77730128921611e-05,-0.00010884246931465932,0.0
648,14.825696809109996,0.00010195862604584006,-0.00011283122043035147,0.0
649,14.824779017563026,0.00010601001269544509,-0.00011668602397986482,0.0
650,14.823867457060498,0.00010992852178183684,-0.00012040828243743038,0.0
651,14.822962095618006,0.00011371551687903349,-0.0001239994118983543,0.0
652,14.822062901326058,0.00011737237555719372,-0.00012746084144381458,0.0
653,14.82116984235035,0.00012090048875207464,-0.00013079401251248854,0.0
654,14.820282886932088,0.00012430126014120993,-0.00013400037827900833,0.0
655,14.819402003388259,0.00012757610552669422,-0.00013708140303939534,0.0
656,14.81852716011198,0.00013072645222478546,-0.0001400385616034986,0.0
657,14.817658325572813,0.0001337537384622893,-0.00014287333869447333,0.0
658,14.816795468317089,0.00013665941277983496,-0.0001455872283553626,0.0
659,14.815938556968264,0.00013944493344212033,-0.00014818173336290084,0.0
660,14.815087560227264,0.00014211176785511296,-0.00015065836464849767,0.0
661,14.814242446872843,0.00014466139199032134,-0.00015301864072647415,0.0
662,14.813403185761974,0.0001470952898161302,-0.00015526408712965525,0.0
663,14.812569745830196,0.00014941495273633772,-0.00015739623585227643,0.0
664,14.811742096092031,0.0001516218790357915,-0.00015941662480027332,0.0
665,14.810920205641374,0.0001537175733333516,-0.00016132679724904488,0.0
666,14.81010404365189,0.00015570354604201204,-0.00016312830130863493,0.0
667,14.809293579377439,0.0001575813128364041,-0.0001648226893963993,0.0
668,14.80848878215249,0.00015935239412757636,-0.00016641151771722474,0.0
669,14.807689621392559,0.0001610183145451835,-0.00016789634575125527,0.0
670,14.806896066594646,0.00016258060242701976,-0.000169278735749229,0.0
671,14.80610808733768,0.0001640407893159906,-0.0001705602522353463,0.0
672,14.80532565328297,0.00016540040946448593,-0.00017174246151777613,0.0
673,14.80454873417466,0.00016666099934628723,-0.00017282693120678085,0.0
674,14.803777299840206,0.0001678240971758685,-0.00017381522974046926,0.0
675,14.80301132019084,0.00016889124243519866,-0.00017470892591817764,0.0
676,14.802250765222055,0.0001698639754080851,-0.0001755095884415342,0.0
677,14.801495605014072,0.00017074383672199543,-0.00017621878546314584,0.0
678,14.800745809732346,0.0001715323668974066,-0.00017683808414297624,0.0
679,14.800001349628042,0.00017223110590468987,-0.00017736905021237704,0.0
680,14.79926219503854,0.0001728415927284981,-0.0001778132475457571,0.0
681,14.798528316387934,0.00017336536493970408,-0.00017817223773994488,0.0
682,14.797799684187535,0.00017380395827485225,-0.0001784475797011933,0.0
683,14.797076269036367,0.0001741589062231776,-0.00017864082923983265,0.0
684,14.79635804162168,0.00017443173962107493,-0.00017875353867253876,0.0
685,14.795644972719472,0.00017462398625416582,-0.00017878725643226444,0.0
686,14.79493703319498,0.00017473717046677547,-0.00017874352668575857,0.0
687,14.794234194003192,0.00017477281277900706,-0.00017862388895868687,0.0
688,14.793536426189375,0.00017473242951121225,-0.00017842987776836466,0.0
689,14.792843700889577,0.00017461753241595167,-0.00017816302226397615,0.0
690,14.792155989331139,0.0001744296283174364,-0.00017782484587442875,0.0
691,14.791473262833197,0.0001741702187583662,-0.00017741686596366133,0.0
692,14.790795492807206,0.0001738407996541857,-0.00017694059349346298,0.0
693,14.790122650757443,0.0001734428609547031,-0.00017639753269375639,0.0
694,14.7894547082815,0.00017297788631312697,-0.00017578918074035604,0.0
695,14.788791637070805,0.00017244735276240327,-0.00017511702744008698,0.0
696,14.7881334089111,0.00017185273039884759,-0.0001743825549232947,0.0
697,14.787479995682967,0.0001711954820730901,-0.00017358723734374197,0.0
698,14.786831369362279,0.00017047706308826192,-0.00017273254058575003,0.0
699,14.786187502020717,0.0001696989209053927,-0.00017181992197868397,0.0
700,14.78554836582626,0.00016886249485597828,-0.00017085083001864524,0.0
701,14.784913933043622,0.00016796921586172313,-0.0001698267040973416,0.0
702,14.78428417603477,0.00016702050616137614,-0.0001687489742381522,0.0
703,14.783659067259357,0.0001660177790446581,-0.00016761906083931276,0.0
704,14.783038579275203,0.0001649624385931821,-0.00016643837442414962,0.0
705,14.782422684738734,0.00016385587942842214,-0.0001652083153983488,0.0
706,14.781811356405436,0.00016269948646656967,-0.00016393027381424928,0.0
707,14.781204567130292,0.00016149463468036234,-0.000162605629142015,0.0
708,14.780602289868217,0.00016024268886771325,-0.00016123575004772588,0.0
709,14.780004497674476,0.00015894500342719783,-0.0001598219941783356,0.0
710,14.779411163705099,0.000157602922140279,-0.00015836570795335929,0.0
711,14.778822261217291,0.00015621777796027083,-0.0001568682263633597,0.0
712,14.778237763569841,0.00015479089280797008,-0.00015533087277507532,0.0
713,14.777657644223485,0.00015332357737388112,-0.0001537549587432146,0.0
714,14.777081876741311,0.00015181713092703267,-0.00015214178382879295,0.0
715,14.776510434789117,0.0001502728411303214,-0.00015049263542400886,0.0
716,14.77594329213577,0.00014869198386226068,-0.00014880878858360686,0.0
717,14.77538042265357,0.00014707582304520427,-0.00014709150586259662,0.0
718,14.774821800318575,0.00014542561047984644,-0.000145342037160357,0.0
719,14.774267399210938,0.00014374258568605703,-0.00014356161957103212,0.0
720,14.773717193515228,0.00014202797574997523,-0.00014175147724011162,0.0
721,14.77317115752074,0.00014028299517719492,-0.00013991282122724553,0.0
722,14.77262926562178,0.00013850884575215702,-0.0001380468493750886,0.0
723,14.772091492317982,0.00013670671640353453,-0.00013615474618425489,0.0
724,14.771557812214544,0.0001348777830756593,-0.0001342376826942161,0.0
725,14.771028200022528,0.0001330232086058282,-0.00013229681637009648,0.0
726,14.770502630559086,0.00013114414260753608,-0.00013033329099537501,0.0
727,14.76998107874773,0.00012924172135947944,-0.00012834823657030837,0.0
728,14.76946351961853,0.0001273170677003139,-0.00012634276921611373,0.0
729,14.768949928308366,0.00012537129092909293,-0.00012431799108479868,0.0
730,14.768440280061107,0.00012340548671134504,-0.00012227499027455814,0.0
731,14.767934550227821,0.00012142073699064268,-0.00012021484075069733,0.0
732,14.76743271426696,0.00011941810990570365,-0.00011813860227199982,0.0
733,14.766934747744521,0.00011739865971290655,-0.00011604732032248667,0.0
734,14.766440626334221,0.00011536342671413179,-0.00011394202604849466,0.0
735,14.76595032581762,0.00011331343718990441,-0.00011182373620096314,0.0
736,14.765463822084293,0.00011124970333773867,-0.00010969345308290249,0.0
737,14.764981091131922,0.00010917322321563552,-0.0001075521645019921,0.0
738,14.764502109066424,0.00010708498069066471,-0.00010540084372818481,0.0
739,14.764026852102049,0.00010498594539254863,-0.00010324044945626388,0.0
740,14.76355529656147,0.00010287707267217836,-0.00010107192577332432,0.0
741,14.763087418875864,0.0001007593035649988,-9.889620213102792e-05,0.0
742,14.762623195584958,9.863356475922352e-05,-9.671419332264267e-05,0.0
743,14.762162603337117,9.650076856875153e-05,-9.452679946471745e-05,0.0
744,14.761705618889355,9.436181291073269e-05,-9.233490598339971e-05,0.0
745,14.76125221910738,9.221758128775224e-05,-9.013938360525661e-05,0.0
746,14.760802380965611,9.006894277451314e-05,-8.794108835255329e-05,0.0
747,14.760356081547197,8.791675200897459e-05,-8.574086154294376e-05,0.0
748,14.75991329804399,8.576184918787899e-05,-8.353952979342933e-05,0.0
749,14.759474007756562,8.36050600665279e-05,-8.133790502860548e-05,0.0
750,14.759038188094156,8.144719596287811e-05,-7.913678449303901e-05,0.0
751,14.75860581657465,7.928905376573957e-05,-7.693695076777272e-05,0.0
752,14.758176870824538,7.713141594705308e-05,-7.47391717908027e-05,0.0
753,14.757751328578838,7.497505057826123e-05,-7.254420088156327e-05,0.0
754,14.757329167681053,7.282071135053517e-05,-7.035277676926431e-05,0.0
755,14.756910366083073,7.066913759896851e-05,-6.816562362502144e-05,0.0
756,14.756494901845105,6.852105433050875e-05,-6.59834510977275e-05,0.0
757,14.75608275313556,6.637717225563108e-05,-6.380695435358556e-05,0.0
758,14.755673898230945,6.423818782372649e-05,-6.16368141192288e-05,0.0
759,14.755268315515771,6.210478326203793e-05,-5.947369672837779e-05,0.0
760,14.754865983482388,5.997762661811487e-05,-5.73182541718875e-05,0.0
761,14.754466880730885,5.785737180574859e-05,-5.517112415121867e-05,0.0
762,14.754070985968916,5.574465865426242e-05,-5.3032930135173814e-05,0.0
763,14.753678278011561,5.364011296111626e-05,-5.090428141991183e-05,0.0
764,14.753288735781164,5.154434654776595e-05,-4.878577319203648e-05,0.0
765,14.752902338307152,4.945795731868128e-05,-4.667798659488147e-05,0.0
766,14.752519064725863,4.7381529323441286e-05,-4.4581488797690724e-05,0.0
767,14.752138894280353,4.5315632821918974e-05,-4.249683306785615e-05,0.0
768,14.751761806320197,4.326082435235373e-05,-4.042455884596768e-05,0.0
769,14.75138778030129,4.121764680237857e-05,-3.8365191823665706e-05,0.0
770,14.751016795785636,3.9186629482809994e-05,-3.631924402428515e-05,0.0
771,14.750648832441122,3.7168288204257186e-05,-3.428721388609958e-05,0.0
772,14.75028387004129,3.516312535636812e-05,-3.2269586348209046e-05,0.0
773,14.749921888465106,3.317162998971611e-05,-3.026683293896352e-05,0.0
774,14.74956286769672,3.1194277900219146e-05,-2.8279411866795292e-05,0.0
775,14.749206787825223,2.923153171608495e-05,-2.630776811352463e-05,0.0
776,14.748853629044369,2.7283840987109202e-05,-2.435233352992452e-05,0.0
777,14.748503371652346,2.5351642276384287e-05,-2.2413526933588082e-05,0.0
778,14.748155996051484,2.3435359254257306e-05,-2.0491754208991654e-05,0.0
779,14.74781148274799,2.1535402794529352e-05,-1.858740840965825e-05,0.0
780,14.747469812351675,1.9652171072778902e-05,-1.6700869862400266e-05,0.0
781,14.747130965575657,1.7786049666810976e-05,-1.483250627357794e-05,0.0
782,14.746794923236077,1.5937411659116216e-05,-1.2982672837277229e-05,0.0
783,14.746461666251811,1.4106617741276182e-05,-1.115171234534506e-05,0.0
784,14.746131175644145,1.229401632028592e-05,-9.339955299271083e-06,0.0
785,14.745803432536505,1.0499943626729558e-05,-7.547720023767407e-06,0.0
786,14.74547841815411,8.724723824673304e-06,-5.775312782058699e-06,0.0
787,14.745156113823686,6.9686691233198996e-06,-4.023027892819261e-06,0.0
788,14.744836500973133,5.2320798903195525e-06,-2.2911478485877594e-06,0.0
789,14.744519561131197,3.515244766611153e-06,-5.79943435767903e-07,0.0
790,14.744205275927154,1.8184407828614454e-06,1.1103261439955907e-06,0.0
791,14.74389362709048,1.419334773323502e-07,2.779413151001646e-06,0.0
792,14.7435845964505,-1.5140229848307608e-06,4.427081183426443e-06,0.0
793,14.743278165936065,-3.1491856909612137e-06,6.053105051940177e-06,0.0
794,14.7429743175752,-4.7633228589135914e-06,7.657270653163638e-06,0.0
795,14.742673033494775,-6.35621371391081e-06,9.239374841930582e-06,0.0
796,14.74237429592014,-7.92764836419158e-06,1.0799225302511991e-05,0.0
797,14.742078087174775,-9.47742767551949e-06,1.233664041875647e-05,0.0
798,14.741784389679953,-1.1005363144644342e-05,1.3851449143292357e-05,0.0
799,14.741493185954369,-1.2511276771734696e-05,1.5343490865808384e-05,0.0
800,14.741204458613783,-1.399500093188113e-05,1.6812615280418714e-05,0.0
801,14.740918190370666,-1.54563782456455e-05,1.825868225225906e-05,0.0
802,14.740634364033838,-1.6895261448800293e-05,1.9681561683306203e-05,0.0
803,14.740352962508094,-1.831151326126225e-05,2.108113337746005e-05,0.0
804,14.740073968793844,-1.9705006255257676e-05,2.2457286905031158e-05,0.0
805,14.739797365986748,-2.107562272281973e-05,2.3809921466552644e-05,0.0
806,14.739523137277342,-2.2423254542600057e-05,2.513894575607023e-05,0.0
807,14.739251265950665,-2.374780304613842e-05,2.6444277823915037e-05,0.0
808,14.738981735385895,-2.5049178883538228e-05,2.7725844939004142e-05,0.0
809,14.738714529055969,-2.6327301888660236e-05,2.898358345076887e-05,0.0
810,14.738449630527207,-2.7582100943898705e-05,3.0217438650690785e-05,0.0
811,14.738187023458945,-2.8813513844510788e-05,3.142736463349203e-05,0.0
812,14.737926691603157,-3.0021487162588413e-05,3.261332415813059e-05,0.0
813,14.737668618804065,-3.120597611076698e-05,3.3775288508515365e-05,0.0
814,14.737412788997782,-3.236694440564227e-05,3.491323735402939e-05,0.0
815,14.737159186211915,-3.3504364130948216e-05,3.602715860997789e-05,0.0
816,14.736907794565207,-3.4618215600592493e-05,3.7117048297876214e-05,0.0
817,14.736658598267145,-3.5708487221560444e-05,3.818291040574836e-05,0.0
818,14.73641158161757,-3.6775175356685735e-05,3.9224756748370465e-05,0.0
819,14.736166729006337,-3.781828418743781e-05,4.024260682756595e-05,0.0
820,14.73592402491289,-3.883782557664769e-05,4.123648769260324e-05,0.0
821,14.735683453905919,-3.983381893131107e-05,4.220643380064048e-05,0.0
822,14.735445000642954,-4.080629106542226e-05,4.315248687739705e-05,0.0
823,14.735208649870014,-4.175527606296493e-05,4.4074695777962255e-05,0.0
824,14.734974386421207,-4.268081514104471e-05,4.497311634788753e-05,0.0
825,14.734742195218361,-4.358295651317174e-05,4.584781128447302e-05,0.0
826,14.73451206127065,-4.4461755252848095e-05,4.669884999844705e-05,0.0
827,14.734283969674209,-4.5317273157338627e-05,4.752630847590369e-05,0.0
828,14.734057905611763,-4.6149578611790264e-05,4.8330269140677186e-05,0.0
829,14.733833854352255,-4.695874645368374e-05,4.911082071708067e-05,0.0
830,14.733611801250465,-4.774485783764354e-05,4.986805809312207e-05,0.0
831,14.73339173174664,-4.8508000100642046e-05,5.0602082184177616e-05,0.0
832,14.733173631366114,-4.924826662766566e-05,5.131299979717089e-05,0.0
833,14.732957485718948,-4.996575671783537e-05,5.200092349530177e-05,0.0
834,14.732743280499545,-5.066057545101592e-05,5.266597146335926e-05,0.0
835,14.73253100148629,-5.1332833554991e-05,5.330826737362014e-05,0.0
836,14.732320634541178,-5.198264727317314e-05,5.3927940252356145e-05,0.0
837,14.732112165609443,-5.26101382329145e-05,5.452512434705775e-05,0.0
838,14.731905580719186,-5.321543331443961e-05,5.509995899428749e-05,0.0
839,14.731700865981015,-5.379866452043257e-05,5.565258848829297e-05,0.0
840,14.731498007587692,-5.4359968846278296e-05,5.6183161950354935e-05,0.0
841,14.731296991813739,-5.489948815104263e-05,5.66918331988812e-05,0.0
842,14.731097805015104,-5.541736902915683e-05,5.717876062031923e-05,0.0
843,14.730900433628776,-5.5913762682891165e-05,5.7644107040884544e-05,0.0
844,14.730704864172445,-5.6388824795581466e-05,5.8088039599123084e-05,0.0
845,14.730511083244137,-5.684271540564001e-05,5.851072961935861e-05,0.0
846,14.730319077521838,-5.7275598781473457e-05,5.8912352486019744e-05,0.0
847,14.730128833763164,-5.7687643297187145e-05,5.9293087518864703e-05,0.0
848,14.729940338804992,-5.807902130918885e-05,5.965311784920507e-05,0.0
849,14.729753579563102,-5.844990903368661e-05,5.999263029699418e-05,0.0
850,14.729568543031837,-5.880048642510779e-05,6.0311815248967915e-05,0.0
851,14.729385216283738,-5.913093705548607e-05,6.0610866537744606e-05,0.0
852,14.729203586469202,-5.9441447994735264e-05,6.08899813219413e-05,0.0
853,14.729023640816138,-5.973220969199599e-05,6.114935996734266e-05,0.0
854,14.728845366629606,-6.0003415857917846e-05,6.138920592911239e-05,0.0
855,14.728668751291472,-6.025526334796678e-05,6.160972563507237e-05,0.0
856,14.728493782260085,-6.048795204680186e-05,6.181112837007161e-05,0.0
857,14.728320447069905,-6.070168475364808e-05,6.199362616146732e-05,0.0
858,14.72814873333118,-6.0896667068795344e-05,6.215743366568737e-05,0.0
859,14.727978628729598,-6.107310728114793e-05,6.230276805599081e-05,0.0
860,14.727810121025954,-6.123121625688013e-05,6.242984891131986e-05,0.0
861,14.727643198055791,-6.137120732918452e-05,6.253889810631621e-05,0.0
862,14.7274778477291,-6.149329618920093e-05,6.263013970255575e-05,0.0
863,14.727314058029947,-6.159770077803493e-05,6.27037998409324e-05,0.0
864,14.727151817016166,-6.168464117996383e-05,6.276010663524526e-05,0.0
865,14.726991112819015,-6.175433951680457e-05,6.279929006703694e-05,0.0
866,14.72683193364284,-6.180701984343015e-05,6.282158188157434e-05,0.0
867,14.726674267764757,-6.184290804451826e-05,6.282721548513915e-05,0.0
868,14.726518103534316,-6.186223173247271e-05,6.281642584353662e-05,0.0
869,14.726363429373173,-6.186522014657934e-05,6.278944938182969e-05,0.0
870,14.726210233774765,-6.18521040533689e-05,6.274652388537817e-05,0.0
871,14.726058505303985,-6.182311564820402e-05,6.268788840211295e-05,0.0
872,14.725908232596865,-6.177848845810585e-05,6.261378314610347e-05,0.0
873,14.725759404360236,-6.171845724586717e-05,6.252444940239995e-05,0.0
874,14.725612009371421,-6.164325791534963e-05,6.242012943318749e-05,0.0
875,14.725466036477911,-6.155312741811807e-05,6.230106638521021e-05,0.0
876,14.725321474597056,-6.144830366128691e-05,6.216750419851298e-05,0.0
877,14.725178312715727,-6.132902541665617e-05,6.201968751650074e-05,0.0
878,14.725036539890004,-6.119553223116119e-05,6.18578615972965e-05,0.0
879,14.724896145244877,-6.104806433855119e-05,6.168227222641059e-05,0.0
880,14.724757117973919,-6.088686257242728e-05,6.149316563077407e-05,0.0
881,14.724619447338968,-6.071216828049079e-05,6.129078839405126e-05,0.0
882,14.724483122669827,-6.05242232401741e-05,6.107538737327478e-05,0.0
883,14.724348133363947,-6.032326957551372e-05,6.0847209616887665e-05,0.0
884,14.724214468886107,-6.0109549675383935e-05,6.060650228401948e-05,0.0
885,14.724082118768123,-5.9883306112971935e-05,6.03535125651677e-05,0.0
886,14.723951072608529,-5.964478156661177e-05,6.00884876041957e-05,0.0
887,14.723821320072268,-5.939421874193125e-05,5.9811674421645484e-05,0.0
888,14.72369285089039,-5.913186029525772e-05,5.952331983943698e-05,0.0
889,14.723565654859751,-5.885794875840787e-05,5.922367040683427e-05,0.0
890,14.723439721842702,-5.8572726464751786e-05,5.891297232783427e-05,0.0
891,14.723315041766785,-5.827643547660083e-05,5.859147138982442e-05,0.0
892,14.723191604624432,-5.7969317513906274e-05,5.825941289361292e-05,0.0
893,14.723069400472664,-5.765161388427454e-05,5.791704158477232e-05,0.0
894,14.7229484194328,-5.7323565414284e-05,5.756460158632451e-05,0.0
895,14.722828651690133,-5.698541238213029e-05,5.720233633276024e-05,0.0
896,14.72271008749366,-5.663739445157451e-05,5.683048850538884e-05,0.0
897,14.722592717155756,-5.6279750607187145e-05,5.644929996899964e-05,0.0
898,14.7224765310519,-5.59127190908941e-05,5.605901170984066e-05,0.0
899,14.722361519620364,-5.5536537339870934e-05,5.565986377492839e-05,0.0
900,14.722247673361922,-5.51514419256503e-05,5.5252095212702616e-05,0.0
901,14.722134982839558,-5.475766849460737e-05,5.483594401490036e-05,0.0
902,14.722023438678164,-5.4355451709665654e-05,5.4411647059835676e-05,0.0
903,14.721913031564258,-5.394502519336505e-05,5.39794400569137e-05,0.0
904,14.721803752245673,-5.352662147213423e-05,5.3539557492468215e-05,0.0
905,14.72169559153129,-5.310047192187768e-05,5.309223257688171e-05,0.0
906,14.721588540290714,-5.266680671485637e-05,5.263769719299842e-05,0.0
907,14.721482589454023,-5.2225854767779264e-05,5.2176181845779994e-05,0.0
908,14.721377730011444,-5.17778436912135e-05,5.170791561327791e-05,0.0
909,14.72127395301308,-5.1322999740196214e-05,5.123312609883801e-05,0.0
910,14.721171249568622,-5.086154776614594e-05,5.0752039384601115e-05,0.0
911,14.721069610847053,-5.039371116997642e-05,5.026487998620281e-05,0.0
912,14.720969028076361,-4.9919711856445915e-05,4.977187080873771e-05,0.0
913,14.720869492543272,-4.943977018978466e-05,4.9273233103985896e-05,0.0
914,14.720770995592925,-4.895410495045951e-05,4.876918642882541e-05,0.0
915,14.720673528628634,-4.84629332932481e-05,4.825994860489489e-05,0.0
916,14.72057708311156,-4.796647070642668e-05,4.77457356794496e-05,0.0
917,14.720481650560455,-4.746493097223286e-05,4.7226761887421294e-05,0.0
918,14.720387222551366,-4.69585261284502e-05,4.670323961468886e-05,0.0
919,14.72029379071736,-4.644746643122069e-05,4.617537936252596e-05,0.0
920,14.72020134674823,-4.593196031902876e-05,4.564338971318013e-05,0.0
921,14.72010988239022,-4.5412214377801174e-05,4.5107477296708816e-05,0.0
922,14.72001938944575,-4.488843330722747e-05,4.4567846758886555e-05,0.0
923,14.71992985977312,-4.436081988817932e-05,4.4024700730298585e-05,0.0
924,14.719841285286243,-4.38295749512694e-05,4.347823979657334e-05,0.0
925,14.719753657954364,-4.329489734655682e-05,4.292866246973958e-05,0.0
926,14.71966696980177,-4.275698391434134e-05,4.237616516067204e-05,0.0
927,14.719581212907524,-4.221602945710773e-05,4.1820942152685345e-05,0.0
928,14.719496379405182,-4.167222671250756e-05,4.126318557618562e-05,0.0
929,14.719412461482513,-4.112576632748303e-05,4.070308538442936e-05,0.0
930,14.719329451381228,-4.057683683341969e-05,4.014082933037238e-05,0.0
931,14.719247341396699,-4.002562462238828e-05,3.9576602944529484e-05,0.0
932,14.719166123877685,-3.94723139244389e-05,3.901058951391515e-05,0.0
933,14.719085791226052,-3.89170867859518e-05,3.8442970062057925e-05,0.0
934,14.719006335896514,-3.836012304898677e-05,3.787392332997672e-05,0.0
935,14.71892775039634,-3.780160033166882e-05,3.730362575821985e-05,0.0
936,14.718850027285084,-3.724169400959306e-05,3.673225146989633e-05,0.0
937,14.718773159174326,-3.668057719822133e-05,3.6159972254703745e-05,0.0
938,14.718697138727377,-3.611842073628596e-05,3.558695755393533e-05,0.0
939,14.718621958659035,-3.55553931700989e-05,3.5013374446459935e-05,0.0
940,14.718547611735286,-3.4991660738929706e-05,3.443938763565657e-05,0.0
941,14.718474090773046,-3.442738736125382e-05,3.386515943728681e-05,0.0
942,14.718401388639895,-3.386273462196125e-05,3.3290849768318633e-05,0.0
943,14.718329498253803,-3.329786176051755e-05,3.271661613666233e-05,0.0
944,14.718258412582852,-3.27329256600279e-05,3.214261363182129e-05,0.0
945,14.718188124644978,-3.2168080837165074e-05,3.156899491642961e-05,0.0
946,14.718118627507707,-3.160347943308241e-05,3.099591021865765e-05,0.0
947,14.718049914287873,-3.103927120509995e-05,3.042350732554145e-05,0.0
948,14.717981978151364,-3.047560351933968e-05,2.9851931577121656e-05,0.0
949,14.717914812312838,-2.9912621344172265e-05,2.928132586144728e-05,0.0
950,14.717848410035494,-2.9350467244522145e-05,2.8711830610415758e-05,0.0
951,14.717782764630755,-2.8789281377000308e-05,2.814358379641811e-05,0.0
952,14.717717869458049,-2.8229201485857943e-05,2.7576720929814498e-05,0.0
953,14.71765371792452,-2.7670362899751524e-05,2.7011375057176962e-05,0.0
954,14.717590303484773,-2.711289852925872e-05,2.6447676760376142e-05,0.0
955,14.717527619640613,-2.6556938865264356e-05,2.588575415633281e-05,0.0
956,14.717465659940775,-2.6002611978004218e-05,2.5325732897628517e-05,0.0
957,14.717404417980664,-2.545004351694173e-05,2.4767736173805386e-05,0.0
958,14.717343887402112,-2.489935671139179e-05,2.4211884713410834e-05,0.0
959,14.717284061893082,-2.435067237178751e-05,2.3658296786756154e-05,0.0
960,14.71722493518745,-2.3804108891785445e-05,2.3107088209391327e-05,0.0
961,14.717166501064714,-2.3259782250984022e-05,2.2558372346264312e-05,0.0
962,14.717108753349748,-2.2717806018355368e-05,2.201226011654572e-05,0.0
963,14.717051685912542,-2.2178291356380686e-05,2.146885999916286e-05,0.0
964,14.716995292667956,-2.164134702584739e-05,2.0928278038936828e-05,0.0
965,14.71693956757544,-2.110707939126694e-05,2.0390617853399244e-05,0.0
966,14.71688450463881,-2.057559242699047e-05,1.9855980640204615e-05,0.0
967,14.716830097905962,-2.0046987723893802e-05,1.932446518519199e-05,0.0
968,14.716776341468636,-1.9521364496720294e-05,1.879616787104391e-05,0.0
969,14.716723229462161,-1.8998819591996372e-05,1.8271182686490344e-05,0.0
970,14.716670756065195,-1.8479447496595793e-05,1.7749601236154994e-05,0.0
971,14.716618915499481,-1.7963340346814588e-05,1.7231512750926687e-05,0.0
972,14.716567702029593,-1.7450587938033762e-05,1.6717004098899892e-05,0.0
973,14.716517109962677,-1.6941277734969943e-05,1.6206159796831743e-05,0.0
974,14.716467133648216,-1.6435494882440224e-05,1.569906202217033e-05,0.0
975,14.716417767477772,-1.593332221664222e-05,1.5195790625547008e-05,0.0
976,14.716369005884733,-1.543484027697297e-05,1.4696423143809616e-05,0.0
977,14.716320843344084,-1.4940127318353886e-05,1.4201034813511579e-05,0.0
978,14.716273274372133,-1.444925932404239e-05,1.3709698584921464e-05,0.0
979,14.716226293526296,-1.3962310018930855e-05,1.3222485136457736e-05,0.0
980,14.71617989540482,-1.3479350883291085e-05,1.2739462889603041e-05,0.0
981,14.716134074646561,-1.300045116700849e-05,1.2260698024255958e-05,0.0
982,14.71608882593073,-1.2525677904242066e-05,1.1786254494488868e-05,0.0
983,14.716044143976665,-1.205509592851174e-05,1.1316194044766485e-05,0.0
984,14.716000023543561,-1.1588767888224335e-05,1.0850576226518486e-05,0.0
985,14.715956459430258,-1.1126754262607325e-05,1.0389458415174174e-05,0.0
986,14.71591344647498,-1.0669113378018664e-05,9.932895827478135e-06,0.0
987,14.715870979555103,-1.0215901424656322e-05,9.480941539291473e-06,0.0
988,14.715829053586932,-9.767172473667182e-06,9.033646503664661e-06,0.0
989,14.715787663525422,-9.322978494581637e-06,8.591059569311382e-06,0.0
990,14.715746804363988,-8.883369373097367e-06,8.153227499367563e-06,0.0
991,14.71570647113424,-8.448392929255076e-06,7.720194990531667e-06,0.0
992,14.715666658905752,-8.018094935879047e-06,7.292004692480788e-06,0.0
993,14.715627362785838,-7.59251913738054e-06,6.8686972276059e-06,0.0
994,14.715588577919307,-7.171707268859935e-06,6.4503112110249875e-06,0.0
995,14.715550299488235,-6.755699075498739e-06,6.036883270885443e-06,0.0
996,14.715512522711734,-6.344532332221244e-06,5.628448068935836e-06,0.0
997,14.71547524284572,-5.938242863669898e-06,5.225038321356872e-06,0.0
998,14.715438455182687,-5.536864564420068e-06,4.826684819853015e-06,0.0
999,14.715402155051464,-5.140429419446993e-06,4.433416452952158e-06,0.0
